,Unnamed: 0,Place,Firstname,Lastname,Gender,Solo or Duo,Status,StartDate,Checkpoint_1,Checkpoint_2,Checkpoint_3,Checkpoint_4,Checkpoint_5,Checkpoint_6,Checkpoint_7,Checkpoint_8,Checkpoint_9,Checkpoint_fin
0,0,1,Joris,Cosyn,male,Solo,Finisher,2018-05-01 08:00:00,2018-05-01 13:38:00,2018-05-02 01:17:00,2018-05-02 05:22:00,2018-05-02 10:22:00,2018-05-02 16:02:00,2018-05-03 06:28:00,2018-05-03 11:36:00,2018-05-04 05:54:00,2018-05-04 19:20:00,2018-05-05 14:24:00
1,1,2,Tjerk,Bakker,male,Solo,Finisher,2018-05-01 08:00:00,2018-05-01 14:35:00,2018-05-02 09:15:00,2018-05-02 13:17:00,empty,2018-05-03 07:01:00,2018-05-03 14:34:00,2018-05-03 19:30:00,2018-05-04 16:03:00,2018-05-05 08:59:00,2018-05-05 18:48:00
2,2,3,Colin,James,male,Solo,Finisher,2018-05-01 08:00:00,2018-05-01 14:08:00,2018-05-02 08:32:00,2018-05-02 11:53:00,2018-05-02 16:51:00,2018-05-03 04:11:00,2018-05-03 12:32:00,2018-05-03 17:34:00,2018-05-04 12:10:00,2018-05-05 07:54:00,2018-05-05 19:22:00
3,3,4,Jason,Schreurs,male,Solo,Finisher,2018-05-01 08:00:00,2018-05-01 13:27:00,2018-05-02 10:08:00,2018-05-02 12:52:00,2018-05-02 17:36:00,2018-05-03 08:16:00,2018-05-03 14:51:00,2018-05-03 19:30:00,2018-05-04 16:35:00,2018-05-05 11:05:00,2018-05-05 21:30:00
4,4,5,Erik,Wallinga,male,Solo,Finisher,2018-05-01 08:00:00,2018-05-01 14:25:00,2018-05-02 04:13:00,2018-05-02 07:50:00,2018-05-02 13:42:00,2018-05-02 20:00:00,2018-05-03 14:13:00,2018-05-03 18:40:00,2018-05-04 20:22:00,2018-05-05 09:53:00,2018-05-05 22:39:00
5,5,6,Ralph,Cullen,male,Solo,Finisher,2018-05-01 08:00:00,2018-05-01 14:04:00,2018-05-02 06:54:00,empty,2018-05-02 15:08:00,2018-05-02 21:02:00,2018-05-03 08:01:00,2018-05-03 21:44:00,2018-05-04 15:58:00,2018-05-05 12:03:00,2018-05-06 06:34:00
6,6,7,Adam,Verhaar,male,Solo,Finisher,2018-05-01 08:00:00,2018-05-01 14:05:00,2018-05-02 11:40:00,2018-05-02 14:23:00,2018-05-02 20:05:00,2018-05-03 11:25:00,2018-05-03 18:19:00,2018-05-04 08:58:00,2018-05-05 09:27:00,2018-05-05 20:47:00,2018-05-06 16:23:00
7,7,8,James,Holmes,male,Solo,Finisher,2018-05-01 08:00:00,2018-05-01 14:34:00,2018-05-02 12:39:00,2018-05-02 16:10:00,2018-05-02 21:40:00,2018-05-03 12:40:00,2018-05-03 21:58:00,2018-05-04 11:19:00,2018-05-05 12:51:00,2018-05-06 07:42:00,2018-05-06 21:03:00
8,8,9,Jamie,Robison,male,Solo,Finisher,2018-05-01 08:00:00,2018-05-01 15:15:00,2018-05-02 17:50:00,2018-05-02 21:43:00,2018-05-03 09:12:00,2018-05-03 16:17:00,2018-05-04 11:34:00,2018-05-04 17:16:00,2018-05-05 18:05:00,2018-05-06 16:47:00,2018-05-07 12:13:00
9,9,10,Onno,Zuidema,male,Solo,Finisher,2018-05-01 08:00:00,2018-05-01 14:38:00,2018-05-02 18:11:00,2018-05-03 08:27:00,2018-05-03 13:50:00,2018-05-04 08:03:00,2018-05-04 15:58:00,2018-05-04 20:36:00,2018-04-29 07:48:00,2018-04-29 19:18:00,2018-04-30 16:47:00
10,10,11,Dean,Strike,male,Solo,Finisher,2018-05-01 08:00:00,2018-05-01 16:19:00,2018-05-02 16:32:00,2018-05-02 21:48:00,2018-05-03 14:20:00,2018-05-03 20:35:00,2018-05-04 14:53:00,2018-05-04 21:31:00,empty,2018-04-29 22:40:00,2018-04-30 19:45:00
11,11,12,Rutger,van Valderen,male,Solo,Finisher,2018-05-01 08:00:00,2018-05-01 16:00:00,2018-05-02 16:57:00,2018-05-03 07:48:00,2018-05-03 13:43:00,2018-05-04 07:19:00,2018-05-04 15:41:00,2018-05-05 07:40:00,2018-05-06 09:06:00,2018-05-07 06:29:00,2018-05-07 20:24:00
12,12,13,Erik,Venneman,male,Solo,Finisher,2018-05-01 08:00:00,2018-05-01 14:19:00,2018-05-02 12:15:00,2018-05-02 16:11:00,2018-05-03 08:17:00,2018-05-03 15:27:00,2018-05-04 11:54:00,2018-05-04 19:07:00,2018-04-29 07:53:00,2018-04-30 08:01:00,2018-04-30 23:57:00
13,13,14,Marc,Wismans,male,Solo,Finisher,2018-05-01 08:00:00,2018-05-01 15:40:00,2018-05-02 19:19:00,2018-05-03 12:01:00,2018-05-03 19:10:00,2018-05-04 12:09:00,2018-05-04 21:39:00,2018-05-05 12:09:00,2018-05-06 17:08:00,2018-05-07 15:02:00,2018-05-08 16:55:00
14,14,15,William Luke,Windsor,male,Solo,Finisher,2018-05-01 08:00:00,2018-05-01 16:25:00,2018-05-03 08:27:00,2018-05-03 12:46:00,2018-05-03 17:57:00,empty,2018-05-04 18:57:00,2018-05-05 09:19:00,2018-05-06 12:36:00,2018-05-07 12:58:00,empty
15,15,999,Thijs,DSQ Verbrugghe,male,Solo,DNF,2018-05-01 08:00:00,2018-05-01 13:22:00,2018-05-01 23:24:00,2018-05-02 04:29:00,2018-05-02 08:53:00,2018-05-02 14:03:00,2018-05-03 00:42:00,2018-05-03 06:06:00,2018-05-03 19:51:00,2018-05-04 10:23:00,empty
16,16,999,Julia,Freeman,female,Solo,DNF,2018-05-01 08:00:00,2018-05-01 17:56:00,empty,empty,empty,empty,empty,empty,empty,empty,empty
17,17,999,Eelco,Weijmans,male,Solo,DNF,2018-05-01 08:00:00,2018-05-01 16:07:00,2018-05-02 12:50:00,2018-05-02 17:59:00,2018-05-03 11:31:00,2018-05-03 18:30:00,2018-05-04 11:04:00,2018-05-04 17:08:00,empty,empty,empty
18,18,999,Eric,Kampherbeek,male,Solo,DNF,2018-05-01 08:00:00,2018-05-01 15:31:00,empty,2018-05-02 12:54:00,2018-05-02 17:52:00,2018-05-03 06:47:00,2018-05-03 14:10:00,empty,empty,empty,empty
19,19,999,Olaf,Rittgeroth,male,Solo,DNF,2018-05-01 08:00:00,2018-05-01 15:26:00,2018-05-02 10:42:00,2018-05-02 15:04:00,2018-05-02 22:13:00,2018-05-03 08:05:00,2018-05-03 18:23:00,empty,empty,empty,empty
20,20,999,Lamri,Adjis,male,Solo,DNF,2018-05-01 08:00:00,2018-05-01 15:08:00,empty,empty,empty,empty,empty,empty,empty,empty,empty
21,21,999,Mathias,Reygaerts,male,Solo,DNF,2018-05-01 08:00:00,2018-04-29 11:36:00,empty,empty,empty,empty,empty,empty,empty,empty,empty
22,22,999,Christopher,Greenan,male,Solo,DNS,2018-05-01 08:00:00,empty,empty,empty,empty,empty,empty,empty,empty,empty,empty
23,23,1,unknown,Raboen - Raboen,male,Duo,Finisher,2018-05-01 08:00:00,2018-05-01 14:05:00,2018-05-02 08:43:00,2018-05-02 13:12:00,2018-05-02 20:36:00,2018-05-03 07:45:00,2018-05-03 19:34:00,2018-05-04 11:23:00,2018-05-05 11:27:00,2018-05-06 08:53:00,2018-05-07 00:44:00
24,24,999,unknown,Kim - Kim,mixed,Duo,DNF,2018-05-01 08:00:00,2018-05-02 14:02:00,empty,empty,empty,empty,empty,empty,empty,empty,empty
25,25,999,unknown,Lagerwerf - Meerwijk,male,Duo,DNF,2018-05-01 08:00:00,2018-05-01 16:08:00,2018-05-02 13:52:00,2018-05-02 17:30:00,2018-05-03 10:58:00,2018-05-03 17:22:00,2018-05-04 15:19:00,empty,empty,empty,empty
26,26,1,Bas,Vlaskamp,male,Solo,Finisher,2019-05-01 08:00:00,2019-05-01 12:42:00,2019-05-01 22:15:00,2019-05-02 08:09:00,2019-05-02 11:41:00,2019-05-02 22:27:00,2019-05-03 14:35:00,2019-05-03 18:06:00,2019-05-04 12:59:00,2019-05-04 20:55:00,2019-05-05 08:58:00
27,27,2,Daan,Marsmans,male,Solo,Finisher,2019-05-01 08:00:00,empty,2019-05-01 22:39:00,2019-05-02 02:16:00,2019-05-02 09:06:00,2019-05-02 21:12:00,2019-05-03 15:17:00,2019-05-03 18:54:00,2019-05-04 12:18:00,2019-05-04 20:14:00,2019-05-05 12:29:00
28,28,3,Ruben,Casier,male,Solo,Finisher,2019-05-01 08:00:00,2019-05-01 15:08:00,2019-05-02 16:05:00,2019-05-02 20:42:00,2019-05-03 14:32:00,empty,2019-05-04 17:02:00,2019-05-05 09:24:00,empty,empty,empty
29,29,4,Sam,Thomas,male,Solo,Finisher,2019-05-01 08:00:00,2019-05-01 12:46:00,2019-05-01 23:32:00,2019-05-02 03:25:00,2019-05-02 12:57:00,2019-05-03 00:24:00,2019-05-03 18:21:00,2019-05-03 21:54:00,2019-05-04 13:09:00,2019-05-04 23:03:00,2019-05-05 14:39:00
30,30,5,Yves,Conen,male,Solo,Finisher,2019-05-01 08:00:00,2019-05-01 13:17:00,2019-05-02 04:12:00,2019-05-02 07:37:00,2019-05-02 12:01:00,2019-05-03 04:18:00,2019-05-03 16:03:00,2019-05-03 20:14:00,2019-05-04 16:40:00,2019-05-05 06:25:00,2019-05-05 17:59:00
31,31,6,Ashley,Sharp,male,Solo,Finisher,2019-05-01 08:00:00,2019-05-01 13:21:00,2019-05-02 04:38:00,2019-05-02 07:55:00,2019-05-02 12:38:00,2019-05-03 01:20:00,2019-05-03 17:33:00,2019-05-03 21:36:00,2019-05-04 16:57:00,2019-05-05 06:54:00,2019-05-05 18:02:00
32,32,7,Bart,Verheijen,male,Solo,Finisher,2019-05-01 08:00:00,2019-05-01 13:33:00,2019-05-02 06:56:00,2019-05-02 10:30:00,2019-05-02 15:03:00,2019-05-03 02:10:00,2019-05-03 18:30:00,2019-05-03 22:11:00,2019-05-04 17:27:00,2019-05-05 07:02:00,2019-05-05 18:08:00
33,33,8,unknown,Hippy,male,Solo,Finisher,2019-05-01 08:00:00,empty,2019-05-01 23:35:00,2019-05-02 05:10:00,2019-05-02 09:28:00,2019-05-02 20:37:00,2019-05-03 13:11:00,2019-05-03 17:07:00,empty,2019-04-28 07:57:00,2019-04-28 20:56:00
34,34,9,Stephen,Haines,male,Solo,Finisher,2019-05-01 08:00:00,2019-05-01 13:24:00,2019-05-02 05:13:00,2019-05-02 08:13:00,2019-05-02 12:46:00,2019-05-03 01:23:00,2019-05-03 18:39:00,2019-05-04 05:25:00,2019-05-04 19:11:00,2019-05-05 11:41:00,2019-05-05 23:48:00
35,35,10,Robert,Ferri,male,Solo,Finisher,2019-05-01 08:00:00,2019-05-01 13:24:00,2019-05-02 01:23:00,2019-05-02 04:41:00,2019-05-02 09:31:00,2019-05-03 05:44:00,2019-05-03 18:31:00,2019-05-04 04:58:00,2019-05-04 19:57:00,2019-05-05 14:15:00,2019-05-06 03:24:00
36,36,11,Igor,Talevski,male,Solo,Finisher,2019-05-01 08:00:00,2019-05-01 13:21:00,2019-05-02 06:33:00,2019-05-02 10:18:00,2019-05-02 15:44:00,2019-05-03 08:19:00,2019-05-04 04:17:00,2019-05-04 08:55:00,2019-05-04 23:35:00,2019-05-05 15:46:00,2019-05-06 06:35:00
37,37,12,Andy,Lawrence,male,Solo,Finisher,2019-05-01 08:00:00,2019-05-01 13:28:00,2019-05-02 05:14:00,empty,empty,2019-05-03 9:50:00,2019-05-04 04:49:00,2019-05-04 09:48:00,2019-05-05 07:36:00,2019-05-05 18:05:00,2019-05-06 07:43:00
38,38,13,Andrew,Osborne,male,Solo,Finisher,2019-05-01 08:00:00,2019-05-01 13:16:00,2019-05-02 00:27:00,2019-05-02 08:53:00,2019-05-02 13:29:00,2019-05-03 10:50:00,2019-05-04 07:22:00,2019-05-04 11:15:00,2019-05-05 09:16:00,2019-05-05 20:53:00,2019-05-06 11:32:00
39,39,14,Carsten,Honemann,male,Solo,Finisher,2019-05-01 08:00:00,2019-05-01 13:24:00,2019-05-02 09:35:00,2019-05-02 12:52:00,2019-05-02 18:46:00,empty,2019-05-03 16:09:00,2019-05-03 20:27:00,2019-05-04 19:45:00,2019-05-05 17:48:00,2019-05-06 11:53:00
40,40,15,Andras,Regös,male,Solo,Finisher,2019-05-01 08:00:00,2019-05-01 13:41:00,2019-05-02 01:49:00,2019-05-02 06:14:00,2019-05-02 11:27:00,2019-05-03 01:42:00,2019-05-04 08:11:00,2019-05-04 11:36:00,2019-05-05 09:51:00,2019-05-05 20:32:00,2019-05-06 13:53:00
41,41,16,Tom,Williams,male,Solo,Finisher,2019-05-01 08:00:00,2019-05-01 13:52:00,2019-05-02 11:19:00,2019-05-02 15:08:00,2019-05-03 05:56:00,2019-05-03 17:12:00,2019-05-04 15:06:00,2019-05-04 20:16:00,2019-05-05 17:15:00,2019-05-06 05:15:00,2019-05-06 17:56:00
42,42,17,Rob,Meeuwessen,male,Solo,Finisher,2019-05-01 08:00:00,2019-05-01 13:28:00,2019-05-02 09:02:00,2019-05-02 13:02:00,2019-05-02 18:02:00,2019-05-03 14:16:00,2019-05-04 10:15:00,2019-05-04 14:38:00,2019-05-05 11:48:00,2019-05-06 07:03:00,2019-05-06 19:10:00
43,43,18,Eddie,Kouiss,male,Solo,Finisher,2019-05-01 08:00:00,2019-05-01 13:11:00,2019-05-02 09:08:00,2019-05-02 12:52:00,2019-05-02 18:15:00,2019-05-03 16:21:00,2019-05-04 14:39:00,2019-05-04 18:23:00,empty,2019-05-06 09:19:00,2019-05-06 20:38:00
44,44,19,Lamri,Adjis,male,Solo,Finisher,2019-05-01 08:00:00,2019-05-01 14:16:00,2019-05-02 10:21:00,2019-05-02 14:19:00,2019-05-02 20:44:00,2019-05-03 13:47:00,2019-05-04 09:59:00,2019-05-04 14:52:00,2019-05-05 15:09:00,2019-05-06 13:35:00,2019-05-07 02:00:00
45,45,20,Jan-Dick,den Das,male,Solo,Finisher,2019-05-01 08:00:00,2019-05-01 13:49:00,2019-05-02 11:41:00,2019-05-02 15:47:00,2019-05-02 21:41:00,2019-05-03 18:11:00,2019-05-04 10:17:00,2019-05-04 14:15:00,2019-05-05 16:45:00,2019-05-06 13:15:00,2019-05-07 03:07:00
46,46,21,Aram,Drake,male,Solo,Finisher,2019-05-01 08:00:00,empty,2019-05-02 07:28:00,2019-05-02 10:41:00,2019-05-02 15:27:00,2019-05-03 14:27:00,2019-05-04 12:23:00,2019-05-04 17:24:00,2019-05-05 17:36:00,2019-05-06 12:57:00,2019-05-07 09:56:00
47,47,22,Jack,Peterson,male,Solo,Finisher,2019-05-01 08:00:00,2019-05-01 14:50:00,2019-05-02 12:31:00,2019-05-02 16:43:00,2019-05-03 06:41:00,2019-05-03 21:24:00,2019-05-04 20:01:00,empty,2019-05-06 07:35:00,2019-05-06 19:58:00,2019-05-07 10:11:00
48,48,23,Richard,Orton,male,Solo,Finisher,2019-05-01 08:00:00,2019-05-01 13:48:00,2019-05-02 12:07:00,2019-05-02 17:11:00,2019-05-03 04:02:00,2019-05-03 20:22:00,2019-05-04 17:47:00,2019-05-05 06:20:00,2019-05-06 01:53:00,2019-05-06 18:55:00,2019-05-07 12:40:00
49,49,24,Bregt,Huizenga,male,Solo,Finisher,2019-05-01 08:00:00,2019-05-01 14:03:00,2019-05-02 12:07:00,2019-05-02 16:24:00,2019-05-03 07:57:00,2019-05-03 21:12:00,2019-05-04 20:29:00,2019-05-05 09:45:00,2019-05-06 09:59:00,2019-05-07 07:55:00,2019-05-07 18:01:00
50,50,25,Bas,Scherpenisse,male,Solo,Finisher,2019-05-01 08:00:00,2019-05-01 13:41:00,2019-05-02 12:20:00,2019-05-02 17:10:00,2019-05-03 07:21:00,2019-05-03 21:14:00,2019-05-04 20:15:00,2019-05-05 08:12:00,2019-05-06 10:09:00,2019-05-07 07:24:00,2019-05-07 18:57:00
51,51,26,Sebastian,Bönner,male,Solo,Finisher,2019-05-01 08:00:00,2019-05-01 13:33:00,2019-05-02 11:08:00,2019-05-02 14:41:00,2019-05-02 20:51:00,2019-05-03 18:21:00,2019-05-04 19:50:00,2019-05-05 08:43:00,2019-05-06 11:18:00,2019-05-07 08:56:00,2019-05-07 19:06:00
52,52,27,Erik,Venneman,male,Solo,Finisher,2019-05-01 08:00:00,2019-05-01 13:52:00,2019-05-02 12:47:00,2019-05-02 17:19:00,2019-05-02 23:40:00,2019-05-03 21:15:00,2019-05-04 21:20:00,2019-05-05 09:57:00,2019-05-06 11:59:00,2019-05-07 07:34:00,2019-05-07 19:06:00
53,53,28,Onno,Zuidema,male,Solo,Finisher,2019-05-01 08:00:00,2019-05-01 13:35:00,2019-05-02 09:07:00,2019-05-02 12:32:00,2019-05-02 18:45:00,2019-05-03 15:13:00,2019-05-04 12:22:00,2019-05-04 17:02:00,2019-05-05 16:30:00,2019-05-06 17:29:00,2019-05-07 19:07:00
54,54,29,George,Bennett,male,Solo,Finisher,2019-05-01 08:00:00,empty,2019-05-02 09:12:00,2019-05-02 12:52:00,2019-05-02 18:47:00,2019-05-03 13:01:00,2019-05-04 07:46:00,2019-05-04 13:34:00,2019-05-05 10:32:00,2019-05-05 21:23:00,2019-05-07 21:55:00
55,55,30,Stefan,Anastasiei,male,Solo,Finisher,2019-05-01 08:00:00,2019-05-01 15:29:00,2019-05-02 15:33:00,2019-05-02 20:05:00,2019-05-03 10:25:00,2019-05-04 00:10:00,2019-05-04 23:54:00,2019-05-05 11:58:00,2019-05-06 13:31:00,empty,2019-05-07 21:56:00
56,56,31,Erik,Wallinga,male,Solo,Finisher,2019-05-01 08:00:00,empty,2019-05-02 04:20:00,2019-05-02 07:58:00,2019-05-02 14:28:00,2019-05-03 16:21:00,2019-05-04 09:29:00,2019-05-04 13:21:00,2019-05-05 14:51:00,2019-05-06 06:44:00,2019-05-07 21:58:00
57,57,32,Wybren,Buijs,male,Solo,Finisher,2019-05-01 08:00:00,empty,2019-05-02 10:58:00,2019-05-02 15:42:00,2019-05-02 21:42:00,2019-05-03 16:46:00,2019-05-04 17:37:00,2019-05-04 21:39:00,2019-05-05 18:19:00,2019-05-06 14:43:00,2019-05-07 21:59:00
58,58,33,Tom,Hudders,male,Solo,Finisher,2019-05-01 08:00:00,2019-05-01 13:27:00,empty,2019-05-02 11:21:00,2019-05-02 16:20:00,2019-05-03 10:54:00,2019-05-03 23:46:00,2019-05-04 09:41:00,2019-05-04 23:36:00,2019-05-05 16:56:00,2019-05-07 22:00:00
59,59,34,Andrew,Wilson,male,Solo,Finisher,2019-05-01 08:00:00,2019-05-01 15:07:00,2019-05-02 12:50:00,2019-05-02 17:15:00,2019-05-03 09:30:00,2019-05-04 09:23:00,2019-05-05 07:55:00,2019-05-05 12:52:00,2019-05-06 12:18:00,2019-05-07 10:27:00,2019-05-07 23:51:00
60,60,35,Patrick,Bruns,male,Solo,Finisher,2019-05-01 08:00:00,2019-05-01 15:06:00,2019-05-02 17:05:00,2019-05-03 08:30:00,2019-05-03 13:46:00,2019-05-04 14:27:00,2019-05-05 14:43:00,2019-05-05 18:38:00,2019-05-06 18:38:00,2019-05-07 16:03:00,2019-05-08 14:01:00
61,61,36,Kilian,Wagner,male,Solo,Finisher,2019-05-01 08:00:00,2019-05-01 14:42:00,2019-05-02 15:44:00,2019-05-02 19:55:00,2019-05-03 13:46:00,2019-05-04 15:33:00,2019-05-05 15:39:00,2019-05-05 20:22:00,2019-05-06 20:40:00,empty,2019-05-08 17:11:00
62,62,37,Willem,Pals,male,Solo,Finisher,2019-05-01 08:00:00,2019-05-01 14:18:00,2019-05-02 13:26:00,2019-05-02 18:00:00,2019-05-03 10:33:00,2019-05-04 08:36:00,2019-05-05 09:53:00,2019-05-05 14:47:00,2019-05-06 18:53:00,2019-05-07 17:07:00,2019-05-08 17:36:00
63,63,38,Berry,van den Brink,male,Solo,Finisher,2019-05-01 08:00:00,empty,2019-05-02 15:34:00,2019-05-02 20:40:00,2019-05-03 11:30:00,2019-05-04 13:59:00,2019-05-05 13:13:00,2019-05-05 17:12:00,2019-05-06 20:13:00,2019-05-07 20:19:00,2019-05-08 17:56:00
64,64,39,Susanne,van Aardenne,female,Solo,Finisher,2019-05-01 08:00:00,2019-05-01 15:37:00,2019-05-02 18:55:00,2019-05-03 08:29:00,2019-05-03 16:40:00,empty,2019-05-04 21:39:00,2019-05-05 09:53:00,2019-05-06 15:56:00,2019-05-07 16:16:00,2019-05-08 19:36:00
65,65,40,Sheila,Woollam,female,Solo,Finisher,2019-05-01 08:00:00,2019-05-01 15:10:00,2019-05-02 15:32:00,2019-05-02 19:38:00,2019-05-03 11:34:00,2019-05-04 14:20:00,2019-05-05 15:21:00,2019-05-05 21:19:00,2019-05-07 08:24:00,2019-05-08 09:06:00,2019-05-09 01:44:00
66,66,41,Phil,O'Hara,male,Solo,Finisher,2019-05-01 08:00:00,2019-05-01 18:51:00,2019-05-03 11:22:00,2019-05-03 18:49:00,2019-05-04 12:36:00,2019-05-05 18:38:00,2019-05-07 08:10:00,2019-05-07 16:35:00,empty,empty,2019-05-09 14:59:00
67,67,42,Julia,Freeman,female,Solo,Finisher,2019-05-01 08:00:00,2019-05-01 16:50:00,2019-05-02 21:35:00,2019-05-03 02:00:00,2019-05-03 20:05:00,2019-05-04 20:16:00,2019-05-06 02:05:00,2019-05-06 16:31:00,2019-05-07 20:39:00,2019-05-08 18:25:00,2019-05-09 15:42:00
68,68,43,Simon,Tang,male,Solo,Finisher,2019-05-01 08:00:00,2019-05-01 17:00:00,2019-05-03 10:08:00,2019-05-03 14:59:00,2019-05-04 08:39:00,2019-05-05 02:53:00,2019-05-06 18:17:00,2019-05-07 06:14:00,2019-05-09 12:10:00,empty,empty
69,70,999,Kris,Willaert,male,Solo,DNF,2019-05-01 08:00:00,2019-05-01 13:21:00,2019-05-02 09:16:00,2019-05-02 13:15:00,2019-05-02 18:13:00,2019-05-03 17:35:00,2019-05-04 15:22:00,2019-05-04 19:15:00,empty,empty,empty
70,71,999,Konstantin,Merenkov,male,Solo,DNF,2019-05-01 08:00:00,2019-05-01 20:08:00,2019-05-03 16:20:00,2019-05-03 19:43:00,empty,empty,empty,empty,empty,empty,empty
71,72,999,Balthazar,Wobbly,male,Solo,DNF,2019-05-01 08:00:00,empty,2019-05-02 18:27:00,2019-05-02 23:48:00,2019-05-03 13:27:00,empty,empty,empty,empty,empty,empty
72,73,999,Sebastiaan,Ploos van Amstel,male,Solo,DNF,2019-05-01 08:00:00,empty,2019-05-02 10:12:00,2019-05-02 12:55:00,2019-05-02 17:18:00,2019-05-03 03:29:00,empty,empty,empty,empty,empty
73,74,999,Edgar,Bos,male,Solo,DNF,2019-05-01 08:00:00,2019-05-01 15:38:00,empty,empty,empty,empty,empty,empty,empty,empty,empty
74,75,999,Gerard,te Hennepe,male,Solo,DNF,2019-05-01 08:00:00,empty,2019-05-02 11:23:00,2019-05-02 15:32:00,empty,empty,empty,empty,empty,empty,empty
75,76,999,Daniel,Murarik,male,Solo,DNF,2019-05-01 08:00:00,empty,2019-05-02 10:29:00,2019-05-02 15:16:00,2019-05-03 02:15:00,2019-04-28 07:40:00,empty,empty,empty,empty,empty
76,77,999,Marcel,Graber,male,Solo,DNF,2019-05-01 08:00:00,2019-05-01 13:22:00,2019-05-02 06:54:00,2019-05-02 09:53:00,2019-05-02 13:38:00,2019-05-03 08:51:00,empty,empty,empty,empty,empty
77,78,999,Thom,Rutten,male,Solo,DNF,2019-05-01 08:00:00,2019-05-01 13:15:00,2019-05-02 07:01:00,2019-05-02 11:02:00,empty,empty,empty,empty,empty,empty,empty
78,79,999,Jasmijn,Muller,female,Solo,DNF,2019-05-01 08:00:00,empty,2019-05-02 00:15:00,2019-05-02 03:42:00,2019-05-02 09:28:00,empty,2019-05-03 18:48:00,empty,empty,empty,empty
79,80,999,Toon,Timmers,male,Solo,DNF,2019-05-01 08:00:00,2019-05-01 16:25:00,2019-05-02 19:54:00,2019-05-03 10:41:00,2019-05-03 18:16:00,2019-05-04 20:34:00,empty,empty,empty,empty,empty
80,81,999,Johan,Kooistra,male,Solo,DNF,2019-05-01 08:00:00,2019-05-01 14:56:00,2019-05-02 12:08:00,2019-05-02 17:18:00,2019-05-02 23:39:00,2019-05-03 20:19:00,empty,empty,empty,empty,empty
81,82,999,Ben,Klaasman,male,Solo,DNF,2019-05-01 08:00:00,2019-05-01 15:49:00,2019-05-03 08:32:00,2019-05-03 12:57:00,2019-05-04 08:13:00,empty,empty,empty,empty,empty,empty
82,83,999,Andrej,Vavro,male,Solo,DNF,2019-05-01 08:00:00,2019-05-01 13:45:00,2019-05-02 09:18:00,empty,empty,empty,empty,empty,empty,empty,empty
83,84,999,Kamil,Kloc,male,Solo,DNF,2019-05-01 08:00:00,2019-05-01 13:07:00,2019-05-02 01:01:00,2019-05-02 05:18:00,empty,empty,empty,empty,empty,empty,empty
84,85,999,Mark,Humme,male,Solo,DNF,2019-05-01 08:00:00,2019-05-01 13:44:00,2019-05-02 15:50:00,2019-05-03 07:29:00,empty,empty,empty,empty,empty,empty,empty
85,86,999,Paul,Mellon,male,Solo,DNF,2019-05-01 08:00:00,2019-05-01 13:51:00,2019-05-02 09:59:00,2019-05-02 13:57:00,2019-05-02 19:31:00,2019-05-03 14:56:00,2019-05-04 10:59:00,2019-05-04 15:19:00,empty,empty,empty
86,87,999,Wytze,Schuurmans,male,Solo,DNF,2019-05-01 08:00:00,2019-05-01 13:21:00,2019-05-02 05:03:00,2019-05-02 08:13:00,empty,empty,empty,empty,empty,empty,empty
87,88,999,Anton,Teunissen,male,Solo,DNF,2019-05-01 08:00:00,2019-05-01 14:04:00,2019-05-02 10:40:00,2019-05-02 14:30:00,2019-05-03 05:27:00,empty,empty,empty,empty,empty,empty
88,89,999,Detlev,Rabe,male,Solo,DNF,2019-05-01 08:00:00,2019-05-01 14:32:00,empty,empty,empty,empty,empty,empty,empty,empty,empty
89,90,999,Giorsio,Raboen,male,Solo,DNF,2019-05-01 08:00:00,empty,2019-05-02 05:00:00,2019-05-02 08:19:00,2019-05-02 13:58:00,empty,empty,empty,empty,empty,empty
90,91,999,Paul,Gremmen,male,Solo,DNF,2019-05-01 08:00:00,2019-05-01 13:41:00,empty,empty,empty,empty,empty,empty,empty,empty,empty
91,92,999,Romain,Delory,male,Solo,DNF,2019-05-01 08:00:00,2019-05-01 13:42:00,2019-05-02 13:54:00,empty,empty,empty,empty,empty,empty,empty,empty
92,93,999,Guus,vanCharante,male,Solo,DNF,2019-05-01 08:00:00,2019-05-01 14:57:00,2019-05-02 09:37:00,2019-05-02 15:25:00,2019-05-02 22:59:00,empty,empty,empty,empty,empty,empty
93,94,999,Wendy,van Lubek,female,Solo,DNF,2019-05-01 08:00:00,2019-05-01 14:56:00,2019-05-03 12:31:00,2019-05-03 19:26:00,2019-05-04 18:04:00,empty,empty,empty,empty,empty,empty
94,95,999,Aukje,Kuipers,female,Solo,DNF,2019-05-01 08:00:00,2019-05-01 18:32:00,2019-05-03 12:31:00,2019-05-03 17:53:00,2019-05-04 13:12:00,empty,2019-05-06 09:45:00,2019-05-06 15:26:00,empty,empty,empty
95,96,999,Jan,Kostaa,male,Solo,DNF,2019-05-01 08:00:00,2019-05-01 13:42:00,2019-05-02 09:39:00,2019-05-02 14:30:00,2019-05-02 20:10:00,2019-05-03 09:46:00,2019-05-04 11:38:00,2019-05-04 17:23:00,2019-05-05 16:17:00,2019-05-06 07:19:00,empty
96,97,999,Leo,Forster,male,Solo,DNF,2019-05-01 08:00:00,2019-05-01 16:51:00,2019-05-02 15:22:00,2019-05-02 21:00:00,2019-05-03 06:47:00,2019-05-04 02:31:00,2019-05-05 08:52:00,2019-05-05 16:13:00,empty,empty,empty
97,98,999,Donncha,Cuttriss,male,Solo,DNF,2019-05-01 08:00:00,2019-05-01 13:46:00,2019-05-02 07:35:00,2019-05-02 10:43:00,2019-05-02 15:23:00,2019-05-03 07:55:00,2019-05-03 20:13:00,empty,empty,empty,empty
98,99,999,Yves,Smits,male,Solo,DNF,2019-05-01 08:00:00,2019-05-01 14:32:00,2019-05-02 09:06:00,2019-05-02 13:16:00,2019-05-02 19:53:00,2019-05-03 16:47:00,empty,empty,empty,empty,empty
99,100,999,Christian,Timmer,male,Solo,DNF,2019-05-01 08:00:00,2019-05-01 14:46:00,2019-05-02 12:48:00,2019-05-02 17:35:00,2019-05-03 10:17:00,2019-05-03 23:02:00,empty,empty,empty,empty,empty
100,101,999,Kin,fan Lai,male,Solo,DNF,2019-05-01 08:00:00,2019-05-01 17:00:00,2019-05-03 10:07:00,2019-05-03 14:57:00,2019-05-04 07:36:00,2019-05-07 14:17:00,empty,empty,empty,empty,empty
101,102,999,Milan,Broer,male,Solo,DNF,2019-05-01 08:00:00,2019-05-01 14:36:00,2019-05-02 13:37:00,2019-05-02 17:17:00,2019-05-02 22:01:00,empty,empty,empty,empty,empty,empty
102,103,999,Bart,De Keyser,male,Solo,DNF,2019-05-01 08:00:00,2019-05-01 14:13:00,2019-05-02 17:10:00,2019-05-02 21:02:00,2019-05-03 14:09:00,empty,empty,empty,empty,empty,empty
103,104,999,Mieke,Sweekhorst,female,Solo,DNF,2019-05-01 08:00:00,2019-05-01 15:41:00,2019-05-02 17:52:00,2019-05-03 13:43:00,empty,empty,empty,empty,empty,empty,empty
104,105,999,Niko,Wojtynia,male,Solo,DNF,2019-05-01 08:00:00,2019-05-01 13:36:00,empty,empty,empty,empty,empty,empty,empty,empty,empty
105,106,999,Ralph,Cullen,male,Solo,DNF,2019-05-01 08:00:00,2019-05-01 13:55:00,empty,empty,empty,empty,empty,empty,empty,empty,empty
106,107,999,Sammut,Sammut,male,Solo,DNF,2019-05-01 08:00:00,2019-05-01 16:34:00,empty,empty,empty,empty,empty,empty,empty,empty,empty
107,108,999,Caroline,Item,female,Solo,DNS,2019-05-01 08:00:00,empty,empty,empty,empty,empty,empty,empty,empty,empty,empty
108,109,999,Gafyn,meredith,male,Solo,DNS,2019-05-01 08:00:00,empty,empty,empty,empty,empty,empty,empty,empty,empty,empty
109,110,999,Joeri,Paeleman,male,Solo,DNS,2019-05-01 08:00:00,empty,empty,empty,empty,empty,empty,empty,empty,empty,empty
110,111,999,Lee,Paton,male,Solo,DNS,2019-05-01 08:00:00,empty,empty,empty,empty,empty,empty,empty,empty,empty,empty
111,112,999,Mart,Voordenhout,male,Solo,DNS,2019-05-01 08:00:00,empty,empty,empty,empty,empty,empty,empty,empty,empty,empty
112,113,999,Matthew,Linden,male,Solo,DNS,2019-05-01 08:00:00,empty,empty,empty,empty,empty,empty,empty,empty,empty,empty
113,114,1,Kevin,Robison,male,Duo,Finisher,2019-05-01 08:00:00,2019-05-01 13:50:00,2019-05-02 11:19:00,2019-05-02 14:57:00,2019-05-02 21:03:00,2019-05-03 18:02:00,2019-05-04 17:52:00,2019-05-05 05:50:00,2019-05-05 21:56:00,2019-05-06 18:42:00,2019-05-07 15:05:00
114,115,2,Jamie,Robison,male,Duo,Finisher,2019-05-01 08:00:00,2019-05-01 13:52:00,2019-05-02 11:19:00,2019-05-02 14:58:00,2019-05-02 21:02:00,2019-05-03 18:02:00,2019-05-04 17:54:00,2019-05-05 05:51:00,2019-05-05 22:02:00,2019-05-06 18:42:00,2019-05-07 15:11:00
115,116,3,Christopher,Crawford,male,Duo,Finisher,2019-05-01 08:00:00,empty,2019-05-02 15:36:00,2019-05-02 20:33:00,2019-05-03 10:28:00,empty,2019-05-04 12:58:00,2019-05-04 18:20:00,2019-05-05 21:35:00,2019-05-06 17:32:00,2019-05-07 15:27:00
116,117,4,Pascal,Gebing,male,Duo,Finisher,2019-05-01 08:00:00,2019-05-01 15:31:00,2019-05-02 15:42:00,2019-05-02 19:43:00,2019-05-03 10:44:00,empty,2019-05-04 12:57:00,2019-05-04 18:18:00,2019-05-05 21:32:00,2019-05-06 17:27:00,2019-05-07 15:28:00
117,118,5,René,Rutten,male,Duo,Finisher,2019-05-01 08:00:00,2019-05-01 14:35:00,2019-05-02 13:16:00,2019-05-02 16:58:00,2019-05-03 08:01:00,2019-05-03 20:19:00,2019-05-04 19:05:00,2019-05-05 09:53:00,2019-05-06 09:44:00,2019-05-07 07:57:00,2019-05-07 20:49:00
118,119,6,Gawaine,Clark,male,Duo,Finisher,2019-05-01 08:00:00,2019-05-01 15:18:00,2019-05-02 13:20:00,2019-05-02 17:45:00,2019-05-03 09:17:00,2019-05-04 09:43:00,2019-05-05 09:53:00,2019-05-05 14:34:00,2019-05-06 16:46:00,2019-05-07 12:06:00,2019-05-08 02:28:00
119,120,7,Richard,Hunt,male,Duo,Finisher,2019-05-01 08:00:00,2019-05-01 15:15:00,2019-05-02 13:20:00,2019-05-02 17:48:00,2019-05-03 09:16:00,2019-05-04 09:48:00,2019-05-05 09:46:00,2019-05-05 14:36:00,2019-05-06 16:50:00,2019-05-07 11:58:00,2019-05-08 02:33:00
120,121,8,Marc,Alinski,male,Duo,Finisher,2019-05-01 08:00:00,2019-05-01 14:40:00,2019-05-02 14:12:00,2019-05-02 17:54:00,2019-05-03 09:39:00,2019-05-04 10:00:00,2019-05-05 11:07:00,2019-05-05 15:56:00,2019-05-06 18:32:00,2019-05-07 15:54:00,2019-05-08 06:08:00
121,122,9,Maren,Barkowsky,female,Duo,Finisher,2019-05-01 08:00:00,2019-05-01 14:24:00,2019-05-02 14:13:00,2019-05-02 17:53:00,2019-05-03 10:14:00,2019-05-04 10:01:00,2019-05-05 11:07:00,2019-05-05 15:56:00,2019-05-06 18:32:00,2019-05-07 15:55:00,2019-05-08 06:16:00
122,123,10,Goedele,Visser,female,Duo,Finisher,2019-05-01 08:00:00,2019-05-01 15:39:00,2019-05-02 19:22:00,2019-05-03 09:51:00,2019-05-03 17:02:00,empty,2019-05-04 20:07:00,empty,2019-05-06 15:11:00,2019-05-07 14:53:00,2019-05-08 17:29:00
123,124,11,Carmen,Acampo,female,Duo,Finisher,2019-05-01 08:00:00,2019-05-01 15:40:00,2019-05-02 19:24:00,2019-05-03 09:51:00,2019-05-03 17:05:00,empty,2019-05-04 20:08:00,2019-05-05 11:59:00,2019-05-06 15:04:00,2019-05-07 14:56:00,2019-05-08 17:31:00
124,125,12,Andrew,Slavin,male,Duo,Finisher,2019-05-01 08:00:00,2019-05-01 15:56:00,2019-05-02 19:49:00,2019-05-03 13:07:00,2019-05-04 08:55:00,empty,2019-05-05 12:51:00,2019-05-05 18:01:00,2019-05-07 07:43:00,2019-05-07 20:30:00,2019-05-08 17:39:00
125,126,13,Matt,Walker,male,Duo,Finisher,2019-05-01 08:00:00,empty,2019-05-02 19:48:00,2019-05-03 13:06:00,2019-05-04 08:55:00,empty,2019-05-05 12:55:00,2019-05-05 18:03:00,2019-05-07 07:38:00,2019-05-07 20:08:00,2019-05-08 17:42:00
126,127,14,Luc,Van Ginneken,male,Duo,Finisher,2019-05-01 08:00:00,2019-05-01 14:45:00,2019-05-02 15:17:00,2019-05-03 06:04:00,2019-05-03 11:35:00,2019-05-04 14:04:00,2019-05-05 15:34:00,2019-05-06 06:24:00,2019-05-07 09:53:00,2019-05-08 10:23:00,2019-05-09 11:31:00
127,128,15,Dirk,Martens,male,Duo,Finisher,2019-05-01 08:00:00,2019-05-01 14:49:00,2019-05-02 15:13:00,2019-05-03 06:04:00,2019-05-03 11:35:00,2019-05-04 14:06:00,2019-05-05 15:37:00,2019-05-06 06:21:00,2019-05-07 09:52:00,2019-05-08 10:24:00,2019-05-09 11:32:00
128,129,16,Matteo,Minola-Violino,male,Duo,Finisher,2019-05-01 08:00:00,empty,2019-05-02 21:11:00,2019-05-03 13:40:00,2019-05-04 08:28:00,2019-05-05 12:30:00,2019-05-06 14:47:00,2019-05-06 19:46:00,2019-05-07 23:42:00,2019-05-08 19:53:00,2019-05-09 16:17:00
129,130,17,Adam,Kramer,male,Duo,Finisher,2019-05-01 08:00:00,2019-05-01 14:45:00,2019-05-02 13:03:00,2019-05-02 17:13:00,2019-05-02 23:35:00,2019-05-04 01:40:00,2019-05-05 04:01:00,2019-05-05 13:20:00,2019-05-06 17:40:00,2019-05-07 12:57:00,empty
130,131,18,Nathan,Streunding,male,Duo,Finisher,2019-05-01 08:00:00,2019-05-01 14:44:00,2019-05-02 13:10:00,2019-05-02 17:13:00,2019-05-02 23:35:00,2019-05-04 01:43:00,2019-05-05 04:00:00,2019-05-05 13:19:00,2019-05-06 17:49:00,2019-05-07 13:04:00,empty
131,132,999,Neil,Crawford,male,Duo,DNF,2019-05-01 08:00:00,empty,empty,empty,empty,empty,empty,empty,empty,empty,empty
132,133,999,Jean-Silviu,Dupouy,male,Duo,DNF,2019-05-01 08:00:00,2019-05-01 15:32:00,2019-05-02 15:43:00,2019-05-02 19:41:00,2019-05-03 10:50:00,2019-05-04 01:35:00,2019-05-05 08:19:00,2019-05-05 13:38:00,empty,empty,empty
133,134,999,Darush Pourreza,Dehkordi,male,Duo,DNF,2019-05-01 08:00:00,2019-05-01 17:57:00,2019-05-03 09:10:00,2019-05-03 15:19:00,2019-05-04 11:06:00,2019-05-05 12:37:00,empty,empty,empty,empty,empty
134,135,999,Saul,Kelf,male,Duo,DNF,2019-05-01 08:00:00,empty,2019-05-03 09:09:00,2019-05-03 15:24:00,2019-05-04 11:06:00,2019-05-05 12:44:00,empty,empty,empty,empty,empty
135,136,999,Terry,de Jong,male,Duo,DNF,2019-05-01 08:00:00,2019-05-01 14:18:00,empty,empty,empty,empty,empty,empty,empty,empty,empty
136,137,999,Josef,Sällqvist,male,Duo,DNF,2019-05-01 08:00:00,2019-05-01 14:16:00,empty,empty,empty,empty,empty,empty,empty,empty,empty
137,138,999,Kate,Berry,female,Duo,DNF,2019-05-01 08:00:00,2019-05-01 15:20:00,2019-05-02 19:14:00,2019-05-03 10:12:00,2019-05-03 17:15:00,2019-04-28 08:33:00,empty,2019-04-29 15:52:00,empty,empty,empty
138,139,999,Rich,Skidmore,male,Duo,DNF,2019-05-01 08:00:00,2019-05-01 15:36:00,2019-05-02 19:21:00,2019-05-03 10:10:00,2019-05-03 17:15:00,2019-04-28 08:33:00,2019-04-29 09:49:00,2019-04-29 15:52:00,empty,empty,empty
139,140,999,Aleem,Pirani,male,Duo,DNS,2019-05-01 08:00:00,empty,empty,empty,empty,empty,empty,empty,empty,empty,empty
140,141,1,Johnny,Uitterhoeve,male,Solo,Finisher,2020-08-29 08:00:00,2020-08-29 13:52:00,2020-08-30 10:38:00,2020-08-30 13:57:00,2020-08-31 07:57:00,2020-08-31 15:23:00,2020-09-01 12:50:00,2020-09-01 17:21:00,empty,2020-09-03 09:14:00,2020-09-03 21:02:00
141,142,2,Marian,Bobko,female,Solo,Finisher,2020-08-29 08:00:00,2020-08-29 18:30:00,2020-08-30 23:45:00,2020-08-31 12:04:00,2020-09-01 02:01:00,2020-09-01 19:47:00,2020-09-02 21:03:00,2020-09-03 04:52:00,2020-09-04 15:25:00,2020-09-05 11:32:00,2020-09-06 13:36:00
142,143,3,Wouter,van Engelen,male,Solo,Finisher,2020-08-29 08:00:00,2020-08-29 13:10:00,2020-08-30 07:57:00,2020-08-30 10:56:00,2020-08-30 18:55:00,2020-08-31 08:22:00,2020-08-31 21:10:00,2020-09-01 08:17:00,2020-09-01 21:56:00,2020-09-02 14:53:00,2020-09-03 03:01:00
143,144,4,Jamie,Robison,male,Solo,Finisher,2020-08-29 08:00:00,2020-08-29 14:33:00,2020-08-30 12:20:00,2020-08-30 17:18:00,2020-08-31 13:04:00,2020-08-31 22:40:00,2020-09-01 17:27:00,2020-09-02 10:44:00,2020-09-03 08:10:00,2020-09-03 19:29:00,2020-09-04 11:56:00
144,145,5,Ties,Alfrink,male,Solo,Finisher,2020-08-29 08:00:00,2020-08-29 13:59:00,2020-08-30 12:28:00,2020-08-30 15:57:00,2020-08-31 07:04:00,2020-08-31 16:43:00,2020-09-01 14:49:00,2020-09-01 18:28:00,2020-09-02 16:24:00,2020-09-03 12:21:00,2020-09-04 11:35:00
145,146,6,Stefan,Kanne,male,Solo,Finisher,2020-08-29 08:00:00,2020-08-29 13:57:00,2020-08-30 09:53:00,2020-08-30 12:52:00,2020-08-30 21:40:00,2020-08-31 13:47:00,2020-09-01 09:34:00,2020-09-01 13:13:00,2020-09-02 11:09:00,2020-09-02 19:18:00,2020-09-03 14:24:00
146,147,7,Ralph,Cullen,male,Solo,Finisher,2020-08-29 08:00:00,2020-08-29 14:03:00,2020-08-30 05:31:00,empty,2020-08-30 17:08:00,2020-08-31 07:05:00,2020-08-31 19:43:00,2020-09-01 03:02:00,2020-09-02 03:07:00,2020-09-02 12:35:00,2020-09-03 03:04:00
147,148,8,Meint,Verhoeff,male,Solo,Finisher,2020-08-29 08:00:00,2020-08-29 13:39:00,2020-08-30 09:16:00,2020-08-30 13:15:00,2020-08-30 22:54:00,2020-08-31 16:10:00,2020-09-01 15:16:00,2020-09-01 20:26:00,2020-09-02 22:01:00,2020-09-03 18:38:00,2020-09-04 20:53:00
148,149,9,Paul,Ziermann,male,Solo,Finisher,2020-08-29 08:00:00,2020-08-29 13:13:00,2020-08-30 06:52:00,2020-08-30 10:40:00,2020-08-30 18:28:00,2020-08-31 08:56:00,2020-08-31 20:54:00,2020-09-01 01:43:00,2020-09-02 08:00:00,2020-09-02 16:46:00,2020-09-03 04:24:00
149,150,10,Berry,van den Brink,male,Solo,Finisher,2020-08-29 08:00:00,2020-08-29 14:06:00,2020-08-30 15:32:00,2020-08-30 19:41:00,2020-08-31 15:27:00,2020-09-01 06:24:00,2020-09-02 09:00:00,2020-09-02 14:03:00,2020-09-03 16:48:00,2020-09-04 11:25:00,2020-09-05 00:23:00
150,151,11,Bart,Verheijen,male,Solo,Finisher,2020-08-29 08:00:00,empty,2020-08-30 00:41:00,2020-08-30 05:51:00,2020-08-30 13:09:00,2020-08-30 19:53:00,2020-08-31 12:55:00,2020-08-31 17:04:00,2020-09-01 11:11:00,2020-09-01 20:19:00,2020-09-02 11:23:00
151,152,12,Lukas,Eger,male,Solo,Finisher,2020-08-29 08:00:00,2020-08-29 14:06:00,2020-08-30 06:52:00,2020-08-30 11:01:00,2020-08-30 20:20:00,2020-08-31 10:27:00,2020-09-01 06:44:00,2020-09-01 11:43:00,empty,2020-09-02 14:58:00,2020-09-03 07:35:00
152,153,13,Kristian,Madsen,male,Solo,Finisher,2020-08-29 08:00:00,2020-08-29 14:15:00,2020-08-30 08:22:00,2020-08-30 11:31:00,2020-08-30 20:10:00,2020-08-31 12:27:00,2020-09-01 01:25:00,2020-09-01 11:23:00,2020-09-02 01:10:00,2020-09-02 15:28:00,2020-09-03 03:06:00
153,154,14,Johan,Barelds,male,Solo,Finisher,2020-08-29 08:00:00,2020-08-29 15:24:00,2020-08-30 15:37:00,2020-08-31 06:25:00,2020-08-31 15:03:00,2020-09-01 10:39:00,2020-09-02 10:59:00,2020-09-02 15:28:00,2020-09-03 17:13:00,2020-09-04 15:49:00,2020-09-05 17:16:00
154,155,15,Kurt,Billiouw,male,Solo,Finisher,2020-08-29 08:00:00,2020-08-29 14:20:00,2020-08-30 13:26:00,2020-08-30 19:45:00,2020-08-31 14:22:00,2020-09-01 07:29:00,2020-09-02 07:35:00,2020-09-02 12:04:00,2020-09-03 12:00:00,2020-09-04 09:36:00,2020-09-05 00:23:00
155,156,16,Richard,de Boer,male,Solo,Finisher,2020-08-29 08:00:00,2020-08-29 13:43:00,2020-08-30 09:40:00,2020-08-30 12:48:00,2020-08-30 22:06:00,empty,2020-09-01 11:00:00,2020-09-01 15:29:00,2020-09-02 14:15:00,2020-09-03 00:23:00,2020-09-03 18:50:00
156,157,17,Ernst,Huijboom,male,Solo,Finisher,2020-08-29 08:00:00,empty,2020-08-30 13:21:00,2020-08-30 17:51:00,2020-08-31 12:37:00,2020-08-31 21:46:00,2020-09-01 22:11:00,2020-09-02 11:19:00,2020-09-03 13:25:00,empty,2020-09-05 11:18:00
157,158,18,Eelke,Bakker,male,Solo,Finisher,2020-08-29 08:00:00,2020-08-29 13:32:00,2020-08-30 08:00:00,2020-08-30 11:10:00,2020-08-30 19:57:00,2020-08-31 10:54:00,2020-09-01 06:51:00,2020-09-01 10:30:00,2020-09-02 07:47:00,2020-09-02 15:55:00,2020-09-03 03:33:00
158,159,19,Florine,Koning,female,Solo,Finisher,2020-08-29 08:00:00,2020-08-29 15:09:00,2020-08-30 17:07:00,2020-08-30 21:06:00,2020-08-31 17:22:00,2020-09-01 14:29:00,2020-09-02 15:14:00,2020-09-03 08:01:00,2020-09-04 13:06:00,2020-09-05 11:07:00,2020-09-06 13:28:00
159,160,20,Thorsten,Heilen,male,Solo,Finisher,2020-08-29 08:00:00,2020-08-29 13:36:00,2020-08-30 06:22:00,2020-08-30 10:12:00,2020-08-30 19:30:00,2020-08-31 08:28:00,2020-08-31 21:16:00,2020-09-01 02:15:00,2020-09-01 21:41:00,2020-09-02 11:59:00,2020-09-02 23:49:00
160,161,21,Emiel,Maelfait,male,Solo,Finisher,2020-08-29 08:00:00,2020-08-29 13:07:00,2020-08-30 01:40:00,2020-08-30 11:04:00,2020-08-30 19:32:00,2020-08-31 13:47:00,2020-09-01 11:04:00,2020-09-01 14:44:00,2020-09-02 13:50:00,2020-09-03 08:17:00,2020-09-03 17:35:00
161,162,22,Bas,Vlaskamp,male,Solo,Finisher,2020-08-29 08:00:00,2020-08-29 12:58:00,2020-08-29 21:57:00,2020-08-30 00:26:00,2020-08-30 08:34:00,2020-08-30 16:13:00,2020-08-31 11:20:00,2020-08-31 14:29:00,2020-09-01 03:17:00,2020-09-01 14:06:00,2020-09-02 10:58:00
162,163,23,Carlo,van Duren,male,Solo,Finisher,2020-08-29 08:00:00,2020-08-29 14:36:00,2020-08-30 12:32:00,2020-08-30 16:32:00,2020-08-31 09:59:00,2020-08-31 19:07:00,2020-09-01 17:13:00,2020-09-01 22:02:00,2020-09-03 09:36:00,2020-09-03 23:14:00,2020-09-04 17:21:00
163,164,24,Alexander,Schmitz,male,Solo,Finisher,2020-08-29 08:00:00,2020-08-29 13:13:00,empty,2020-08-30 06:59:00,2020-08-30 14:48:00,2020-08-30 22:46:00,2020-08-31 14:24:00,empty,2020-09-01 12:50:00,2020-09-02 03:47:00,2020-09-02 16:25:00
164,165,25,Martijn,Driedonks,male,Solo,Finisher,2020-08-29 08:00:00,2020-08-29 13:19:00,2020-08-30 07:16:00,2020-08-30 10:55:00,2020-08-30 18:54:00,2020-08-31 09:31:00,2020-08-31 20:10:00,2020-09-01 05:38:00,2020-09-01 17:37:00,2020-09-02 07:33:00,2020-09-02 18:16:00
165,166,26,Arjan,Zwanenburg,male,Solo,Finisher,2020-08-29 08:00:00,2020-08-29 15:12:00,2020-08-30 13:18:00,2020-08-30 17:27:00,2020-08-31 13:04:00,2020-08-31 23:22:00,2020-09-01 19:39:00,2020-09-02 08:36:00,2020-09-03 08:42:00,2020-09-03 20:30:00,2020-09-04 13:28:00
166,167,27,Paul,Herron,male,Solo,Finisher,2020-08-29 08:00:00,2020-08-29 13:36:00,2020-08-30 01:53:00,2020-08-30 05:13:00,2020-08-30 13:01:00,2020-08-30 21:00:00,2020-08-31 16:16:00,2020-08-31 20:56:00,empty,2020-09-02 22:07:00,2020-09-03 12:25:00
167,168,28,Marianne,Thissen-Smits,female,Solo,Finisher,2020-08-29 08:00:00,empty,2020-08-30 09:23:00,2020-08-30 13:11:00,2020-08-30 23:39:00,2020-08-31 13:57:00,2020-09-01 11:23:00,2020-09-01 16:12:00,2020-09-02 15:09:00,2020-09-03 07:15:00,2020-09-03 19:43:00
168,169,29,Lukas,Tischer,male,Solo,Finisher,2020-08-29 08:00:00,2020-08-29 13:21:00,2020-08-30 09:18:00,2020-08-30 12:37:00,2020-08-30 22:16:00,2020-08-31 13:23:00,2020-09-01 01:51:00,2020-09-01 09:29:00,2020-09-02 12:57:00,2020-09-02 23:41:00,2020-09-03 16:54:00
169,170,30,Hans,Kroodsma,male,Solo,Finisher,2020-08-29 08:00:00,empty,2020-08-30 09:59:00,empty,2020-08-30 21:39:00,2020-08-31 13:45:00,2020-09-01 11:13:00,2020-09-01 15:41:00,2020-09-02 14:37:00,2020-09-03 07:45:00,2020-09-03 19:54:00
170,171,31,Ivan,Soenario,male,Solo,Finisher,2020-08-29 08:00:00,empty,2020-08-30 08:09:00,2020-08-30 11:09:00,2020-08-30 20:27:00,2020-08-31 10:55:00,2020-09-01 05:22:00,2020-09-01 09:51:00,empty,2020-09-02 16:46:00,2020-09-03 11:22:00
171,172,32,Jair,Hoogland,male,Solo,Finisher,2020-08-29 08:00:00,2020-08-29 12:51:00,2020-08-29 23:29:00,2020-08-30 02:28:00,2020-08-30 14:07:00,2020-08-30 20:46:00,2020-08-31 13:32:00,2020-08-31 17:12:00,2020-09-01 10:29:00,2020-09-01 18:27:00,2020-09-02 04:57:00
172,173,33,Yaish,Koelewijn,male,Solo,Finisher,2020-08-29 08:00:00,empty,2020-08-30 13:33:00,2020-08-30 17:38:00,2020-08-31 14:58:00,2020-09-01 10:00:00,2020-09-02 01:12:00,2020-09-02 14:29:00,2020-09-03 23:44:00,2020-09-04 20:30:00,2020-09-05 20:30:00
173,174,34,Haico,Bianchi,male,Solo,Finisher,2020-08-29 08:00:00,empty,2020-08-30 10:33:00,2020-08-30 14:03:00,2020-08-31 08:10:00,2020-08-31 15:54:00,empty,2020-09-01 16:02:00,2020-09-02 17:17:00,2020-09-03 15:03:00,2020-09-04 13:19:00
174,175,35,Jasmijn,Muller,female,Solo,Finisher,2020-08-29 08:00:00,empty,2020-08-30 00:46:00,2020-08-30 04:45:00,2020-08-30 13:43:00,2020-08-30 22:32:00,2020-08-31 16:49:00,2020-08-31 22:08:00,2020-09-01 17:25:00,2020-09-02 09:52:00,2020-09-02 23:01:00
175,176,36,Vincent,de Groot,male,Solo,Finisher,2020-08-29 08:00:00,2020-08-29 15:49:00,2020-08-30 16:25:00,2020-08-31 08:14:00,2020-08-31 17:30:00,2020-09-01 12:37:00,2020-09-02 12:13:00,2020-09-02 17:12:00,2020-09-03 18:49:00,2020-09-04 15:14:00,2020-09-05 02:42:00
176,177,37,Rieks,van Lubek,male,Solo,Finisher,2020-08-29 08:00:00,empty,2020-08-30 13:42:00,2020-08-30 17:42:00,2020-08-31 12:58:00,2020-09-01 10:04:00,2020-09-02 11:39:00,2020-09-02 15:59:00,2020-09-03 21:04:00,2020-09-04 16:50:00,2020-09-05 16:57:00
177,178,38,Denny,Baert,male,Solo,Finisher,2020-08-29 08:00:00,empty,2020-08-30 11:59:00,2020-08-30 15:39:00,2020-08-31 11:15:00,2020-08-31 20:24:00,2020-09-01 20:08:00,2020-09-02 11:57:00,2020-09-03 15:33:00,2020-09-04 13:48:00,2020-09-05 03:36:00
178,179,39,Stefan,Slegl,male,Solo,Finisher,2020-08-29 08:00:00,empty,2020-08-30 08:20:00,2020-08-30 11:29:00,2020-08-30 20:37:00,2020-08-31 16:23:00,2020-09-01 05:21:00,2020-09-01 12:05:00,2020-09-02 12:18:00,2020-09-03 09:42:00,2020-09-03 20:40:00
179,180,40,Paul,Hesen,male,Solo,Finisher,2020-08-29 08:00:00,2020-08-29 13:25:00,2020-08-30 06:32:00,2020-08-30 09:42:00,2020-08-30 18:20:00,2020-08-31 11:27:00,2020-08-31 23:45:00,2020-09-01 08:58:00,2020-09-02 11:45:00,2020-09-02 20:54:00,2020-09-03 15:07:00
180,181,41,Oliver,Wong,male,Solo,Finisher,2020-08-29 08:00:00,empty,2020-08-30 12:39:00,2020-08-30 15:58:00,2020-08-31 08:36:00,2020-08-31 17:54:00,2020-09-01 17:20:00,2020-09-01 21:59:00,2020-09-03 09:33:00,2020-09-03 23:21:00,2020-09-04 17:27:00
181,182,42,Billy,Bob,male,Solo,Finisher,2020-08-29 08:00:00,2020-08-29 13:41:00,2020-08-30 01:39:00,2020-08-30 08:37:00,2020-08-30 16:07:00,2020-08-30 22:15:00,2020-08-31 15:13:00,2020-08-31 18:52:00,2020-09-01 14:58:00,empty,2020-09-02 17:20:00
182,183,43,Laurens,Boex,male,Solo,Finisher,2020-08-29 08:00:00,empty,2020-08-30 08:56:00,2020-08-30 12:07:00,2020-08-30 20:44:00,2020-08-31 10:22:00,2020-08-31 22:20:00,2020-09-01 01:59:00,empty,2020-09-02 11:24:00,2020-09-02 23:09:00
183,184,44,Laurens,Wolting,male,Solo,Finisher,2020-08-29 08:00:00,2020-08-29 13:33:00,2020-08-30 05:26:00,2020-08-30 14:47:00,2020-08-31 08:04:00,2020-08-31 15:53:00,2020-09-01 11:29:00,2020-09-01 16:13:00,2020-09-02 15:58:00,2020-09-03 07:35:00,2020-09-03 21:24:00
184,185,45,Markus,Weber,male,Solo,Finisher,2020-08-29 08:00:00,2020-08-29 13:30:00,2020-08-30 08:27:00,2020-08-30 11:46:00,2020-08-30 20:25:00,2020-08-31 15:12:00,2020-09-01 13:18:00,2020-09-01 17:17:00,2020-09-02 16:33:00,2020-09-03 11:30:00,2020-09-03 22:27:00
185,186,46,Jeroen,van der Wiel,male,Solo,Finisher,2020-08-29 08:00:00,2020-08-29 13:55:00,2020-08-30 12:49:00,2020-08-30 16:18:00,2020-08-31 11:34:00,2020-09-01 07:29:00,2020-09-01 19:47:00,2020-09-02 09:14:00,2020-09-03 08:51:00,2020-09-03 18:58:00,2020-09-04 10:56:00
186,187,47,Flip,Patijn,male,Solo,Finisher,2020-08-29 08:00:00,2020-08-29 13:15:00,2020-08-30 00:16:00,2020-08-30 06:25:00,2020-08-30 14:23:00,2020-08-30 21:02:00,2020-08-31 11:40:00,2020-08-31 15:59:00,2020-09-01 13:05:00,2020-09-01 21:34:00,2020-09-02 11:01:00
187,188,48,Klaus,Svendsen,male,Solo,Finisher,2020-08-29 08:00:00,2020-08-29 14:25:00,2020-08-30 12:42:00,2020-08-30 16:11:00,2020-08-31 12:57:00,2020-09-01 08:04:00,2020-09-02 09:30:00,2020-09-02 14:19:00,2020-09-03 17:14:00,2020-09-04 13:30:00,2020-09-05 04:58:00
188,189,49,Theo,Wolfs,male,Solo,Finisher,2020-08-29 08:00:00,2020-08-29 15:06:00,2020-08-30 16:31:00,2020-08-30 20:10:00,2020-08-31 16:37:00,2020-09-01 12:43:00,2020-09-02 12:39:00,2020-09-02 16:38:00,2020-09-03 19:04:00,2020-09-04 16:50:00,2020-09-05 17:16:00
189,190,50,Egbert,Darwinkel,male,Solo,Finisher,2020-08-29 08:00:00,2020-08-29 14:10:00,2020-08-30 12:47:00,2020-08-30 17:26:00,2020-08-31 11:33:00,2020-08-31 19:01:00,2020-09-01 17:17:00,2020-09-02 07:15:00,2020-09-03 08:51:00,2020-09-03 18:59:00,2020-09-04 10:56:00
190,191,51,Ruerd,Kuipers,male,Solo,Finisher,2020-08-29 08:00:00,empty,2020-08-30 17:05:00,2020-08-31 07:39:00,2020-08-31 17:09:00,2020-09-01 13:45:00,2020-09-02 16:11:00,2020-09-03 10:08:00,2020-09-04 15:52:00,2020-09-05 13:09:00,2020-09-06 14:44:00
191,192,52,Francien,Peterse,female,Solo,Finisher,2020-08-29 08:00:00,2020-08-29 14:01:00,2020-08-30 14:45:00,2020-08-30 18:14:00,2020-08-31 13:30:00,2020-09-01 08:38:00,2020-09-02 07:53:00,2020-09-02 12:14:00,2020-09-03 13:58:00,2020-09-04 09:34:00,2020-09-04 22:52:00
192,193,53,Rainer,Dobrinkat,male,Solo,Finisher,2020-08-29 08:00:00,empty,2020-08-30 08:25:00,2020-08-30 15:34:00,2020-08-31 12:10:00,2020-08-31 21:59:00,2020-09-01 18:15:00,2020-09-02 00:15:00,2020-09-03 02:30:00,2020-09-03 17:57:00,2020-09-04 21:12:00
193,194,54,Emmanuel,Kempeneers,male,Solo,Finisher,2020-08-29 08:00:00,2020-08-29 13:58:00,2020-08-30 10:24:00,2020-08-30 14:03:00,2020-08-31 00:31:00,2020-08-31 14:29:00,2020-09-01 12:15:00,2020-09-01 16:45:00,2020-09-02 19:40:00,2020-09-03 13:27:00,2020-09-04 02:35:00
194,195,55,Eddie,Kouiss,male,Solo,Finisher,2020-08-29 08:00:00,2020-08-29 13:38:00,2020-08-30 07:54:00,2020-08-30 11:34:00,2020-08-30 20:02:00,2020-08-31 12:30:00,2020-09-01 05:57:00,2020-09-01 11:06:00,2020-09-02 01:18:00,2020-09-02 14:56:00,2020-09-03 01:24:00
195,196,56,Bernd,Paul,male,Solo,Finisher,2020-08-29 08:00:00,empty,2020-08-29 23:39:00,2020-08-30 02:49:00,2020-08-30 10:07:00,2020-08-30 17:16:00,2020-08-31 07:33:00,2020-08-31 11:43:00,2020-09-01 06:40:00,2020-09-01 15:48:00,2020-09-02 03:25:00
196,197,57,Daan,Marsmans,male,Solo,Finisher,2020-08-29 08:00:00,2020-08-29 12:34:00,2020-08-29 21:42:00,2020-08-30 00:21:00,2020-08-30 10:59:00,2020-08-30 16:49:00,2020-08-31 07:27:00,2020-08-31 10:35:00,2020-08-31 21:45:00,2020-09-01 05:52:00,2020-09-01 17:30:00
197,198,58,Patrick,Bruns,male,Solo,Finisher,2020-08-29 08:00:00,2020-08-29 15:06:00,2020-08-30 15:21:00,2020-08-30 19:11:00,2020-08-31 13:34:00,2020-09-01 08:51:00,2020-09-01 21:29:00,2020-09-02 11:26:00,2020-09-03 12:03:00,2020-09-04 06:39:00,2020-09-04 19:57:00
198,199,59,Bob,Mesman,male,Solo,Finisher,2020-08-29 08:00:00,2020-08-29 13:28:00,2020-08-30 11:34:00,2020-08-30 15:43:00,2020-08-31 13:59:00,2020-09-01 09:16:00,2020-09-02 08:52:00,2020-09-02 12:51:00,2020-09-03 13:47:00,2020-09-04 13:17:00,2020-09-05 15:59:00
199,200,60,Meindert,Commelin,male,Solo,Finisher,2020-08-29 08:00:00,2020-08-29 13:50:00,2020-08-30 06:51:00,2020-08-30 09:43:00,2020-08-30 17:32:00,2020-08-31 07:20:00,empty,2020-09-01 05:45:00,2020-09-01 19:33:00,2020-09-02 08:11:00,2020-09-02 19:29:00
200,201,999,Eline,van Straalen,female,Solo,DNF,2020-08-29 08:00:00,2020-08-29 15:37:00,2020-08-30 13:32:00,2020-08-30 18:11:00,2020-08-31 15:47:00,empty,empty,empty,empty,empty,empty
201,202,999,Freddy,Hoogheem,male,Solo,DNF,2020-08-29 08:00:00,2020-08-29 15:08:00,empty,empty,empty,empty,empty,empty,empty,empty,empty
202,203,999,Paul,Berkhout,male,Solo,DNF,2020-08-29 08:00:00,2020-08-29 14:32:00,2020-08-30 14:54:00,2020-08-30 20:53:00,2020-08-31 20:09:00,2020-09-01 18:49:00,2020-09-02 21:05:00,2020-09-03 08:53:00,empty,empty,empty
203,204,999,Lindsay,Mccrae,male,Solo,DNF,2020-08-29 08:00:00,empty,2020-08-29 23:51:00,2020-08-30 02:50:00,2020-08-30 09:59:00,2020-08-30 18:37:00,2020-08-31 11:05:00,2020-08-31 15:24:00,2020-09-01 11:39:00,empty,2020-09-01 17:59:00
204,205,999,Berten,De Meyer,male,Solo,DNF,2020-08-29 08:00:00,empty,2020-08-30 00:12:00,empty,2020-08-30 14:18:00,2020-08-30 20:37:00,2020-08-31 15:23:00,2020-08-31 19:39:00,empty,empty,empty
205,206,999,Bram,Jordens,male,Solo,DNF,2020-08-29 08:00:00,2020-08-29 14:40:00,2020-08-30 12:36:00,2020-08-30 16:36:00,2020-08-31 13:32:00,2020-09-01 15:08:00,empty,empty,empty,empty,empty
206,207,999,Arjan,Kraaijeveld,male,Solo,DNF,2020-08-29 08:00:00,empty,2020-08-30 09:34:00,2020-08-30 13:24:00,2020-08-30 22:52:00,2020-08-31 14:09:00,empty,empty,empty,empty,empty
207,208,999,Marlow,Drevel,male,Solo,DNF,2020-08-29 08:00:00,2020-08-29 14:26:00,2020-08-30 07:33:00,2020-08-30 20:12:00,2020-08-31 07:29:00,2020-08-31 20:46:00,empty,empty,empty,empty,empty
208,209,999,Bernd,Rosing,male,Solo,DNF,2020-08-29 08:00:00,2020-08-29 13:17:00,2020-08-30 00:57:00,2020-08-30 09:46:00,2020-08-30 17:32:00,2020-08-31 09:59:00,empty,empty,empty,empty,empty
209,210,999,Dimi,Diels,male,Solo,DNF,2020-08-29 08:00:00,2020-08-29 13:50:00,2020-08-30 13:21:00,2020-08-30 17:14:00,2020-08-31 12:30:00,empty,empty,empty,empty,empty,empty
210,211,999,Christoph,Kamps,male,Solo,DNF,2020-08-29 08:00:00,2020-08-29 15:16:00,2020-08-30 08:24:00,2020-08-30 15:32:00,2020-08-31 14:44:00,empty,empty,empty,empty,empty,empty
211,212,999,Julio,Greff de Oliveira,male,Solo,DNF,2020-08-29 08:00:00,2020-08-29 13:21:00,2020-08-30 12:01:00,2020-08-30 15:17:00,empty,empty,empty,empty,empty,empty,empty
212,213,999,Martin,Dressel,male,Solo,DNF,2020-08-29 08:00:00,2020-08-29 14:41:00,2020-08-30 18:06:00,2020-08-30 22:06:00,empty,empty,empty,empty,empty,empty,empty
213,214,999,Dieter,Schietse,male,Solo,DNF,2020-08-29 08:00:00,2020-08-29 13:02:00,2020-08-30 00:40:00,2020-08-30 03:40:00,empty,empty,empty,empty,empty,empty,empty
214,215,999,Simon,Daubert,male,Solo,DNF,2020-08-29 08:00:00,2020-08-29 15:08:00,2020-08-31 09:25:00,empty,empty,empty,empty,empty,empty,empty,empty
215,216,999,Suvi,Tohola,female,Solo,DNS,2020-08-29 08:00:00,empty,empty,empty,empty,empty,empty,empty,empty,empty,empty
216,217,999,Scott,Coonce,male,Solo,DNS,2020-08-29 08:00:00,empty,empty,empty,empty,empty,empty,empty,empty,empty,empty
217,218,999,Bart,Vrancken,male,Solo,DNS,2020-08-29 08:00:00,empty,empty,empty,empty,empty,empty,empty,empty,empty,empty
218,219,999,Karel,Poets,male,Solo,DNS,2020-08-29 08:00:00,empty,empty,empty,empty,empty,empty,empty,empty,empty,empty
219,220,999,Robin,Hogger,male,Solo,DNS,2020-08-29 08:00:00,empty,empty,empty,empty,empty,empty,empty,empty,empty,empty
220,221,999,Tom,Smets,male,Solo,DNS,2020-08-29 08:00:00,empty,empty,empty,empty,empty,empty,empty,empty,empty,empty
221,222,999,Florent,Mabon,male,Solo,DNS,2020-08-29 08:00:00,empty,empty,empty,empty,empty,empty,empty,empty,empty,empty
222,223,999,Bjorn,Iffert,male,Solo,DNS,2020-08-29 08:00:00,empty,empty,empty,empty,empty,empty,empty,empty,empty,empty
223,224,999,Kevin,King,male,Solo,DNS,2020-08-29 08:00:00,empty,empty,empty,empty,empty,empty,empty,empty,empty,empty
224,225,999,Colin,Fury,male,Solo,DNS,2020-08-29 08:00:00,empty,empty,empty,empty,empty,empty,empty,empty,empty,empty
225,226,999,Davide,Zuin,male,Solo,DNS,2020-08-29 08:00:00,empty,empty,empty,empty,empty,empty,empty,empty,empty,empty
226,227,999,Joachim,Ottow,male,Solo,DNS,2020-08-29 08:00:00,empty,empty,empty,empty,empty,empty,empty,empty,empty,empty
227,228,999,Mark,Paliwoda,male,Solo,DNS,2020-08-29 08:00:00,empty,empty,empty,empty,empty,empty,empty,empty,empty,empty
228,229,999,Vas,Evtushenko,male,Solo,DNS,2020-08-29 08:00:00,empty,empty,empty,empty,empty,empty,empty,empty,empty,empty
229,230,999,Szymon,Biczak,male,Solo,DNS,2020-08-29 08:00:00,empty,empty,empty,empty,empty,empty,empty,empty,empty,empty
230,231,999,Servee,Derks,male,Solo,DNS,2020-08-29 08:00:00,empty,empty,empty,empty,empty,empty,empty,empty,empty,empty
231,232,999,Andy,Tibbett,male,Solo,DNS,2020-08-29 08:00:00,empty,empty,empty,empty,empty,empty,empty,empty,empty,empty
232,233,999,Stefano,Graziadei,male,Solo,DNS,2020-08-29 08:00:00,empty,empty,empty,empty,empty,empty,empty,empty,empty,empty
233,234,999,Jake,Potter,male,Solo,DNS,2020-08-29 08:00:00,empty,empty,empty,empty,empty,empty,empty,empty,empty,empty
234,235,999,James,O'Neill,male,Solo,DNS,2020-08-29 08:00:00,empty,empty,empty,empty,empty,empty,empty,empty,empty,empty
235,236,999,James,Stockman,male,Solo,DNS,2020-08-29 08:00:00,empty,empty,empty,empty,empty,empty,empty,empty,empty,empty
236,237,999,Matt,Seward,male,Solo,DNS,2020-08-29 08:00:00,empty,empty,empty,empty,empty,empty,empty,empty,empty,empty
237,238,1,unknown,Frans-Frans,male,Duo,Finisher,2020-08-29 08:00:00,2020-08-29 13:09:00,2020-08-30 02:08:00,2020-08-30 08:56:00,2020-08-30 18:55:00,2020-08-31 10:12:00,2020-09-01 00:49:00,2020-09-01 08:27:00,2020-09-02 06:05:00,2020-09-02 15:12:00,2020-09-03 01:30:00
238,239,2,unknown,Mulders-Croonen,male,Duo,Finisher,2020-08-29 08:00:00,2020-08-29 13:52:00,2020-08-30 12:17:00,2020-08-30 16:26:00,2020-08-31 10:53:00,empty,2020-09-01 15:19:00,2020-09-01 19:29:00,2020-09-02 18:55:00,2020-09-03 15:21:00,2020-09-04 12:48:00
239,240,3,unknown,Leitner-Finger,male,Duo,Finisher,2020-08-29 08:00:00,2020-08-29 13:20:00,2020-08-30 07:38:00,2020-08-30 11:59:00,2020-08-30 20:49:00,2020-08-31 14:34:00,2020-09-01 11:11:00,2020-09-01 15:50:00,2020-09-02 13:38:00,2020-09-03 11:22:00,2020-09-04 00:00:00
240,241,999,unknown,Casier-Vanbillemont,male,Duo,DNF,2020-08-29 08:00:00,2020-08-29 15:24:00,empty,2020-08-31 10:06:00,2020-09-01 09:02:00,empty,empty,empty,empty,empty,empty
241,242,999,unknown,Krämer-Reindl,male,Duo,DNS,2020-08-29 08:00:00,empty,empty,empty,empty,empty,empty,empty,empty,empty,empty
0,0,1,Bas,Vlaskamp,male,Solo,Finisher,2021-05-01 11:00:00,empty,2021-05-02 00:44:00,2021-05-02 03:33:00,2021-05-02 11:01:00,2021-05-02 17:50:00,2021-05-03 12:27:00,2021-05-03 16:30:00,2021-05-04 07:44:00,2021-05-04 16:42:00,2021-05-05 06:49:00
1,1,2,Sven,Cappuyns,male,Solo,Finisher,2021-05-01 07:45:00,empty,2021-05-01 22:39:00,2021-05-02 01:49:00,2021-05-02 10:34:00,2021-05-02 17:16:00,2021-05-03 13:12:00,2021-05-03 17:11:00,2021-05-04 12:10:00,2021-05-04 21:27:00,2021-05-05 16:13:00
2,2,3,Richard,Frans,male,Solo,Finisher,2021-05-01 07:15:00,empty,2021-05-02 00:32:00,2021-05-02 04:01:00,2021-05-02 14:39:00,2021-05-03 06:04:00,2021-05-03 18:51:00,2021-05-03 23:00:00,2021-05-04 20:47:00,2021-05-05 07:55:00,2021-05-05 21:12:00
3,3,4,Paul,Hesen,male,Solo,Finisher,2021-04-30 06:15:00,2021-04-30 12:10:00,2021-05-01 01:07:00,2021-05-01 08:46:00,2021-05-01 17:15:00,2021-05-02 01:17:00,2021-05-02 17:31:00,2021-05-02 21:09:00,2021-05-03 18:46:00,2021-05-04 10:15:00,2021-05-04 22:50:00
4,4,5,Jason,Schreurs,male,Solo,Finisher,2021-05-01 06:30:00,2021-05-01 11:42:00,2021-05-01 22:32:00,2021-05-02 01:21:00,2021-05-02 15:19:00,2021-05-02 23:47:00,2021-05-03 18:37:00,2021-05-03 23:43:00,2021-05-05 00:09:00,2021-05-05 15:16:00,2021-05-06 04:24:00
5,5,6,Roeland,van der Hoorn,male,Solo,Finisher,2021-05-01 07:45:00,2021-05-01 12:54:00,2021-05-02 00:23:00,2021-05-02 07:02:00,2021-05-02 17:29:00,2021-05-03 08:37:00,2021-05-04 07:55:00,2021-05-04 14:04:00,2021-05-05 13:50:00,2021-05-05 22:08:00,2021-05-06 10:56:00
6,6,7,Mark,de Vos,male,Solo,Finisher,2021-05-01 08:00:00,2021-05-01 13:25:00,2021-05-02 01:30:00,2021-05-02 06:02:00,2021-05-02 21:29:00,2021-05-03 07:27:00,2021-05-03 22:21:00,2021-05-04 10:24:00,2021-05-05 08:50:00,2021-05-05 19:18:00,2021-05-06 14:15:00
7,7,8,Joep,van Luijt,male,Solo,Finisher,2021-05-01 06:45:00,2021-05-01 12:31:00,2021-05-02 00:39:00,2021-05-02 03:39:00,2021-05-02 14:24:00,2021-05-03 09:04:00,2021-05-03 22:41:00,2021-05-04 11:09:00,2021-05-05 10:35:00,2021-05-05 18:54:00,2021-05-06 14:10:00
8,8,9,Tjerk,Bakker,male,Solo,Finisher,2021-05-01 07:30:00,2021-05-01 12:44:00,2021-05-02 06:51:00,2021-05-02 10:15:00,2021-05-02 19:49:00,2021-05-03 13:15:00,2021-05-04 12:21:00,2021-05-04 18:00:00,2021-05-05 17:01:00,2021-05-06 09:26:00,2021-05-06 19:32:00
9,9,10,Pier,Nijenhuis,male,Solo,Finisher,2021-05-01 08:00:00,2021-05-01 13:54:00,2021-05-02 07:21:00,2021-05-02 11:11:00,2021-05-02 21:09:00,2021-05-03 12:48:00,2021-05-04 13:42:00,2021-05-04 19:11:00,2021-05-05 19:27:00,2021-05-06 10:05:00,2021-05-06 21:52:00
10,10,11,Martin,Lukasse,male,Solo,Finisher,2021-05-01 07:00:00,2021-05-01 12:14:00,2021-05-02 07:20:00,2021-05-02 11:10:00,2021-05-02 20:48:00,2021-05-03 13:25:00,2021-05-04 12:35:00,2021-05-04 18:04:00,2021-05-05 18:54:00,2021-05-06 11:47:00,2021-05-06 22:35:00
11,11,12,Pieter Wilbert,Molemaker,male,Solo,Finisher,2021-05-01 06:00:00,2021-05-01 11:22:00,2021-05-02 08:06:00,2021-05-02 11:43:00,2021-05-02 21:21:00,2021-05-03 14:48:00,2021-05-04 11:10:00,2021-05-04 17:09:00,2021-05-05 19:55:00,2021-05-06 10:42:00,2021-05-06 22:10:00
12,12,13,Korjun,de Boer,male,Solo,Finisher,2021-04-30 09:45:00,2021-04-30 15:58:00,2021-05-01 11:55:00,2021-05-01 16:05:00,2021-05-02 09:41:00,2021-05-02 17:20:00,2021-05-03 14:46:00,2021-05-03 20:05:00,2021-05-04 21:11:00,2021-05-05 15:27:00,2021-05-06 13:14:00
13,13,14,Sander,Verdiesen,male,Solo,Finisher,2021-05-01 07:30:00,2021-05-01 13:10:00,2021-05-02 08:57:00,2021-05-02 12:38:00,2021-05-03 07:49:00,2021-05-03 18:48:00,2021-05-05 05:02:00,2021-05-05 09:51:00,2021-05-06 10:47:00,2021-05-07 04:24:00,2021-05-07 16:52:00
14,14,15,Johan,Kooistra,male,Solo,Finisher,2021-04-30 07:30:00,empty,2021-05-01 12:29:00,2021-05-01 16:41:00,2021-05-02 09:08:00,2021-05-02 18:47:00,2021-05-03 18:52:00,2021-05-03 23:32:00,2021-05-05 13:25:00,2021-05-06 07:23:00,2021-05-06 19:20:00
15,15,16,Carlo,van Duren,male,Solo,Finisher,2021-04-30 06:00:00,2021-04-30 13:39:00,2021-05-01 13:54:00,2021-05-01 17:42:00,2021-05-02 10:47:00,2021-05-02 20:48:00,2021-05-03 19:24:00,2021-05-04 01:13:00,2021-05-05 10:47:00,2021-05-05 23:45:00,2021-05-06 18:42:00
16,16,17,Berdine,Bakker,female,Solo,Finisher,2021-05-01 06:15:00,2021-05-01 12:46:00,2021-05-02 11:03:00,2021-05-02 15:02:00,2021-05-03 09:49:00,2021-05-04 09:05:00,2021-05-05 13:51:00,2021-05-05 18:08:00,2021-05-06 18:35:00,2021-05-07 11:32:00,2021-05-08 08:53:00
17,17,18,Piere,Ramaekers,male,Solo,Finisher,2021-04-30 11:00:00,empty,2021-05-01 18:31:00,2021-05-02 08:38:00,2021-05-02 20:06:00,2021-05-03 14:13:00,2021-05-04 17:08:00,2021-05-05 09:45:00,2021-05-06 10:51:00,2021-05-07 06:27:00,2021-05-07 19:41:00
18,18,19,Machiel,Appel,male,Solo,Finisher,2021-04-30 08:00:00,2021-04-30 14:50:00,2021-05-01 14:43:00,2021-05-01 18:12:00,2021-05-02 16:17:00,2021-05-03 12:15:00,2021-05-04 13:11:00,2021-05-04 18:28:00,2021-05-06 08:24:00,2021-05-06 18:12:00,2021-05-07 16:48:00
19,19,20,Jan-Kees,Pennings,male,Solo,Finisher,2021-05-01 07:15:00,2021-05-01 14:23:00,2021-05-02 13:18:00,2021-05-02 17:59:00,2021-05-03 14:25:00,2021-05-04 13:13:00,2021-05-05 14:59:00,2021-05-05 21:28:00,2021-05-06 22:43:00,2021-05-07 19:01:00,2021-05-08 18:16:00
20,20,21,Lars,Wieringa,male,Solo,Finisher,2021-04-30 07:30:00,empty,2021-05-01 15:34:00,2021-05-01 20:03:00,2021-05-02 16:49:00,2021-05-03 13:16:00,2021-05-04 13:51:00,2021-05-05 05:19:00,2021-05-06 08:59:00,2021-05-06 19:35:00,2021-05-07 19:18:00
21,21,22,Maarten,Naberink,male,Solo,Finisher,2021-04-30 07:45:00,empty,2021-05-01 11:16:00,2021-05-01 15:36:00,2021-05-02 15:22:00,2021-05-03 10:38:00,2021-05-05 00:12:00,2021-05-05 06:11:00,2021-05-06 14:45:00,2021-05-07 09:42:00,2021-05-07 21:50:00
22,22,23,Ruurdje,Procee,female,Solo,Finisher,2021-04-30 08:00:00,2021-04-30 15:30:00,2021-05-01 15:47:00,2021-05-01 19:36:00,2021-05-02 16:33:00,2021-05-03 12:19:00,2021-05-05 06:52:00,2021-05-05 11:11:00,2021-05-06 11:57:00,2021-05-07 08:33:00,2021-05-07 22:27:00
23,23,24,Sjors,Hegger,male,Solo,Finisher,2021-04-30 11:45:00,2021-04-30 18:39:00,2021-05-01 18:34:00,2021-05-02 10:45:00,2021-05-02 21:09:00,2021-05-03 16:36:00,2021-05-05 07:29:00,2021-05-05 12:08:00,2021-05-06 13:20:00,2021-05-07 10:11:00,2021-05-08 11:46:00
24,24,25,Patrick,Bruns,male,Solo,Finisher,2021-05-01 06:45:00,2021-05-01 14:23:00,2021-05-02 15:09:00,2021-05-02 19:59:00,2021-05-03 16:14:00,2021-05-04 17:20:00,2021-05-05 20:45:00,2021-05-06 10:52:00,2021-05-07 13:24:00,2021-05-08 11:30:00,2021-05-09 09:50:00
25,25,26,Kemal,Arslan,male,Solo,Finisher,2021-05-01 09:15:00,2021-05-01 16:27:00,2021-05-02 14:47:00,empty,2021-05-03 17:52:00,2021-05-04 23:17:00,2021-05-06 16:24:00,2021-05-06 22:13:00,2021-05-07 23:39:00,2021-05-08 20:53:00,2021-05-09 20:39:00
26,26,27,Gemma,Adelaar,female,Solo,Finisher,2021-04-30 08:00:00,2021-04-30 15:10:00,2021-05-01 17:25:00,2021-05-02 08:52:00,2021-05-03 07:45:00,2021-05-03 19:03:00,2021-05-05 16:47:00,2021-05-06 08:24:00,2021-05-07 10:20:00,2021-05-08 06:56:00,2021-05-08 19:39:00
27,27,28,Patrick,Schut,male,Solo,Finisher,2021-04-30 06:45:00,2021-04-30 14:21:00,2021-05-01 15:36:00,2021-05-01 20:05:00,2021-05-02 16:29:00,2021-05-03 15:55:00,2021-05-05 12:56:00,2021-05-05 18:45:00,2021-05-06 21:19:00,2021-05-08 08:13:00,2021-05-08 22:41:00
28,28,29,Matthijs,Plender,male,Solo,Finisher,2021-04-30 08:30:00,2021-04-30 16:51:00,2021-05-02 07:44:00,2021-05-02 13:15:00,2021-05-03 13:09:00,2021-05-04 13:44:00,2021-05-05 18:20:00,2021-05-06 09:45:00,2021-05-07 14:05:00,2021-05-08 11:19:00,2021-05-09 13:15:00
29,29,30,Charles,Cox,male,Solo,Finisher,2021-04-30 07:30:00,2021-04-30 16:31:00,2021-05-01 21:34:00,2021-05-02 12:15:00,2021-05-03 13:28:00,2021-05-04 13:53:00,2021-05-05 18:58:00,2021-05-06 15:05:00,2021-05-07 18:15:00,2021-05-08 18:41:00,2021-05-09 20:36:00
30,30,31,Baptistine,Smets,female,Solo,Finisher,2021-04-30 06:30:00,2021-04-30 15:39:00,2021-05-01 19:44:00,2021-05-02 11:02:00,2021-05-03 15:57:00,2021-05-05 11:25:00,2021-05-06 17:41:00,2021-05-06 22:59:00,2021-05-08 16:52:00,2021-05-09 15:08:00,2021-05-10 19:53:00
31,31,999,Jan-Dick,den Das,male,Solo,DNF,2021-04-30 10:00:00,2021-04-30 16:16:00,2021-05-01 12:43:00,2021-05-01 16:21:00,2021-05-02 12:38:00,2021-05-02 21:26:00,empty,empty,empty,empty,empty
32,32,999,Guy,Burgerhout,male,Solo,DNF,2021-05-01 06:30:00,2021-05-01 12:33:00,2021-05-02 08:50:00,2021-05-02 12:59:00,2021-05-03 16:04:00,empty,empty,empty,empty,empty,empty
33,33,999,Wandert,Benthem,male,Solo,DNF,2021-04-30 07:15:00,empty,2021-05-01 12:39:00,2021-05-01 16:38:00,2021-05-02 10:15:00,2021-05-02 19:24:00,2021-05-04 12:38:00,2021-05-05 08:44:00,empty,empty,empty
34,34,999,Auke (DSQ,Jongbloed,male,Solo,DNF,2021-05-01 09:00:00,2021-05-01 14:43:00,2021-05-02 12:31:00,2021-05-02 17:44:00,2021-05-03 11:27:00,2021-05-04 11:02:00,2021-05-04 14:02:00,empty,empty,empty,empty
35,35,999,Julio Greff,de Oliveira,male,Solo,DNF,2021-04-30 09:00:00,2021-04-30 15:56:00,2021-05-01 06:55:00,2021-05-01 11:18:00,2021-05-02 12:08:00,2021-05-02 20:17:00,2021-05-03 17:03:00,2021-05-04 10:40:00,2021-05-05 07:16:00,empty,empty
36,36,999,Jonathan,Verkerk,male,Solo,DNF,2021-04-30 10:00:00,2021-04-30 17:06:00,2021-05-02 12:28:00,2021-05-02 17:07:00,2021-05-03 16:41:00,2021-05-05 15:42:00,2021-05-07 13:17:00,empty,empty,empty,empty
37,37,999,Bruce,Martens,male,Solo,DNF,2021-05-01 08:00:00,2021-05-01 13:14:00,2021-05-02 00:52:00,2021-05-02 10:31:00,2021-05-02 19:49:00,2021-05-03 14:46:00,empty,empty,empty,empty,empty
38,38,999,Hans,Meinsma,male,Solo,DNF,2021-04-30 10:00:00,2021-04-30 15:59:00,2021-05-01 12:25:00,2021-05-01 16:20:00,2021-05-02 12:40:00,2021-05-03 10:18:00,empty,empty,empty,empty,empty
39,39,999,Rémy,Pedussel,male,Solo,DNF,2021-04-30 11:45:00,2021-05-01 09:12:00,2021-05-02 14:38:00,2021-05-02 18:52:00,2021-05-03 18:22:00,2021-05-04 23:47:00,empty,empty,empty,empty,empty
40,40,999,Martijn,Verhaeg,male,Solo,DNF,2021-05-01 09:00:00,2021-05-01 14:16:00,2021-05-02 00:13:00,2021-05-02 03:09:00,2021-05-02 11:21:00,empty,empty,empty,empty,empty,empty
41,41,999,Matthieu,Bos,male,Solo,DNF,2021-04-30 11:00:00,2021-04-30 17:25:00,2021-05-01 13:15:00,2021-05-01 17:12:00,2021-05-02 11:50:00,empty,empty,empty,empty,empty,empty
42,42,999,Mark,Paliwoda,male,Solo,DNF,2021-05-01 08:15:00,2021-05-01 15:09:00,2021-05-02 16:20:00,2021-05-03 06:07:00,2021-05-03 16:06:00,empty,empty,empty,empty,empty,empty
43,43,999,Gregory,Van Overloop,male,Solo,DNF,2021-05-01 07:30:00,2021-05-01 13:12:00,empty,2021-05-02 13:13:00,empty,empty,empty,empty,empty,empty,empty
44,44,999,Arjan,Kraaijeveld,male,Solo,DNF,2021-05-01 06:30:00,empty,2021-05-02 08:14:00,2021-05-02 12:53:00,empty,empty,empty,empty,empty,empty,empty
45,45,999,Henri,Arts,male,Solo,DNF,2021-05-01 06:00:00,2021-05-01 11:46:00,2021-05-02 09:42:00,2021-05-02 13:43:00,empty,empty,empty,empty,empty,empty,empty
46,46,999,Rob,Kenens,male,Solo,DNF,2021-05-01 09:15:00,2021-05-01 16:04:00,2021-05-02 14:21:00,2021-05-02 18:29:00,empty,empty,empty,empty,empty,empty,empty
47,47,999,Deovrat,Phal,male,Solo,DNF,2021-04-30 06:30:00,2021-04-30 14:30:00,2021-05-01 17:14:00,2021-05-01 22:03:00,empty,empty,empty,empty,empty,empty,empty
48,48,999,Marc,Wismans,male,Solo,DNF,2021-04-30 11:15:00,2021-04-30 18:36:00,2021-05-02 10:58:00,2021-05-02 15:27:00,empty,empty,empty,empty,empty,empty,empty
49,49,999,Erik,Wallinga,male,Solo,DNF,2021-05-01 07:00:00,2021-05-01 13:14:00,2021-05-02 11:41:00,empty,empty,empty,empty,empty,empty,empty,empty
50,50,999,Jeroen,van der Wiel,male,Solo,DNF,2021-05-01 07:00:00,2021-05-01 14:03:00,2021-05-02 11:49:00,empty,empty,empty,empty,empty,empty,empty,empty
51,51,999,Edwin,Nederlof,male,Solo,DNF,2021-04-30 08:30:00,2021-04-30 14:47:00,2021-05-01 17:25:00,empty,empty,empty,empty,empty,empty,empty,empty
52,52,999,Marius,Bettentrup,male,Solo,DNF,2021-05-01 09:30:00,2021-05-01 18:44:00,2021-05-03 10:47:00,empty,empty,empty,empty,empty,empty,empty,empty
53,53,999,Hans,Kroodsma,male,Solo,DNF,2021-05-01 07:15:00,2021-05-01 13:24:00,empty,empty,empty,empty,empty,empty,empty,empty,empty
54,54,999,Niek,Smeets,male,Solo,DNF,2021-05-01 09:00:00,2021-05-01 15:20:00,empty,empty,empty,empty,empty,empty,empty,empty,empty
55,55,999,Marlow,Drevel,male,Solo,DNF,2021-04-30 08:45:00,2021-04-30 16:07:00,empty,empty,empty,empty,empty,empty,empty,empty,empty
56,56,999,Ivo,Lafeber,male,Solo,DNF,2021-05-01 07:45:00,2021-05-01 15:19:00,empty,empty,empty,empty,empty,empty,empty,empty,empty
57,57,999,John,van Duren,male,Solo,DNF,2021-04-30 06:00:00,2021-04-30 14:29:00,empty,empty,empty,empty,empty,empty,empty,empty,empty
58,58,999,Hugo,Wasser,male,Solo,DNF,2021-04-30 08:30:00,empty,empty,empty,empty,empty,empty,empty,empty,empty,empty
59,59,999,Lucie,Mensinga,female,Solo,DNS,,empty,empty,empty,empty,empty,empty,empty,empty,empty,empty
60,60,999,Pim,Heijnen,male,Solo,DNS,,empty,empty,empty,empty,empty,empty,empty,empty,empty,empty
61,61,1,,Willems (DNF - Timmermans,male,Duo,Finisher,2021-04-30 09:15:00,2021-04-30 16:20:00,2021-05-01 15:00:00,2021-05-01 18:48:00,2021-05-02 15:24:00,2021-05-03 09:33:00,2021-05-05 11:34:00,2021-05-05 16:53:00,2021-05-06 20:05:00,2021-05-07 15:05:00,2021-05-08 12:02:00
62,62,2,,van Rijswijk - van den Broek,mixed,Duo,Finisher,2021-04-30 08:15:00,2021-04-30 15:30:00,2021-05-01 16:16:00,2021-05-01 19:55:00,2021-05-02 16:42:00,2021-05-03 13:18:00,2021-05-05 09:40:00,2021-05-05 16:27:00,2021-05-07 13:39:00,2021-05-08 11:55:00,2021-05-09 15:30:00
63,63,999,,Cullen - Driedonks,male,Duo,DNF,2021-05-01 06:15:00,2021-05-01 12:40:00,2021-05-02 00:59:00,2021-05-02 04:17:00,2021-05-02 18:46:00,empty,empty,empty,empty,empty,empty
64,64,999,,Harder - Joosten,male,Duo,DNF,2021-04-30 08:15:00,2021-04-30 15:17:00,2021-05-01 11:53:00,2021-05-01 16:03:00,2021-05-02 11:59:00,2021-05-02 21:57:00,empty,empty,empty,empty,empty
65,65,999,,Bisschops - Wiegel,mixed,Duo,DNF,2021-04-30 06:30:00,2021-04-30 13:53:00,2021-05-01 11:39:00,2021-05-01 16:00:00,2021-05-02 10:25:00,2021-05-02 21:13:00,empty,empty,empty,empty,empty
66,66,999,,Verweij - Hoskam,mixed,Duo,DNF,2021-04-30 08:15:00,2021-04-30 14:27:00,2021-05-01 12:38:00,2021-05-01 15:38:00,2021-05-02 11:14:00,empty,empty,empty,empty,empty,empty
